Name,PhnNum,Mail,Pass
Alex,123345689,alex@hell.com,666
Lucifer,6666666666,kalilucifer@hell.com,666
Norman,8546856455,jordankiller@hell.com,5454
Leo,5555555555,leonardo@hell.com,456
justme,8524685240,justmycode@hell.com,8524
korona,4444455555,korona@hell.com,85264
lokesh,8546585246,hell@hell.com,8524
indfonvo,8524685246,jdnsayb@hell.com,7534
uibhyyhhh,852488524865,kindj@hell.com,4568
leo,7532475324,deo@hell.com,77534
op,5555555555,op@hell.com,7548
lll,8564585645,jojo@hell.com,8564
lol,1111122222,jmdvkd@hell.com,456